{"best_wpm": 47.303206243218916, "best_accuracy": 98.11320754716981}